{"stat.walkOneCm":161908,"stat.pickup.minecraft.redstone_torch":2,"stat.leaveGame":48,"stat.pickup.advancedlootableweapons.frost_steel_sharpening_stone":1,"stat.useItem.advancedlootableweapons.dagger_frost_steel":1,"stat.killEntity.Wolf":4,"stat.killEntity.Creeper":1,"stat.jump":611,"stat.fallOneCm":2307,"stat.pickup.minecraft.gunpowder":1,"stat.crouchOneCm":3789,"stat.pickup.minecraft.chicken":1,"stat.pickup.minecraft.dirt":9,"stat.useItem.minecraft.dirt":7,"stat.pickup.advancedlootableweapons.hot_tool_head":5,"stat.sprintOneCm":95318,"stat.useItem.minecraft.stone_slab2":342,"stat.pickup.minecraft.rotten_flesh":2,"stat.useItem.advancedlootableweapons.spear_crystallite":5,"stat.killEntity.Horse":2,"stat.killEntity.Chicken":1,"stat.itemEnchanted":4,"stat.pickup.minecraft.anvil":1,"stat.pickup.minecraft.leather":2,"stat.damageTaken":240,"stat.mobKills":11,"stat.flyOneCm":265880,"stat.pickup.minecraft.lever":2,"stat.pickup.minecraft.wheat_seeds":1,"stat.playOneMinute":540716,"stat.killEntity.Sheep":1,"stat.sneakTime":1617,"stat.pickup.minecraft.wool":1,"stat.damageDealt":539,"stat.useItem.advancedlootableweapons.spear_wood":2,"stat.killEntity.Zombie":2,"stat.timeSinceDeath":540716,"stat.pickup.advancedlootableweapons.spear_wood":3,"stat.mineBlock.minecraft.dirt":9,"stat.pickup.advancedlootableweapons.frost_steel_forge_hammer":4,"stat.useItem.minecraft.spawn_egg":3,"stat.mineBlock.minecraft.tallgrass":1,"stat.pickup.minecraft.mutton":1,"stat.pickup.advancedlootableweapons.dagger_frost_steel":1}