{"stat.pickup.minecraft.redstone_torch":2,"stat.leaveGame":220,"stat.useItem.advancedlootableweapons.dagger_iron":70,"stat.mineBlock.minecraft.cobblestone":1,"stat.pickup.advancedlootableweapons.dagger_hot_tool_head_2":3,"stat.craftItem.advancedlootableweapons.long_tool_rod":5,"stat.drop.advancedlootableweapons.nodachi_steel":1,"stat.jump":2395,"stat.fallOneCm":12559,"stat.pickup.minecraft.iron_ingot":32,"stat.pickup.minecraft.gunpowder":1,"stat.crouchOneCm":4923,"stat.pickup.minecraft.spider_eye":1,"stat.pickup.minecraft.dirt":9,"stat.useItem.minecraft.dirt":7,"stat.useItem.minecraft.stone_slab2":399,"stat.craftingTableInteraction":17,"stat.pickup.minecraft.rotten_flesh":4,"stat.pickup.minecraft.anvil":2,"stat.pickup.minecraft.leather":2,"stat.damageTaken":292,"stat.pickup.minecraft.feather":2,"stat.pickup.advancedlootableweapons.nodachi_steel":1,"stat.pickup.minecraft.cobblestone":1,"stat.killEntity.CaveSpider":5,"stat.flyOneCm":566418,"stat.pickup.minecraft.wheat_seeds":1,"stat.entityKilledBy.Zombie":1,"stat.useItem.minecraft.cooked_beef":2,"stat.damageDealt":10720,"stat.useItem.advancedlootableweapons.spear_wood":2,"stat.timeSinceDeath":108901,"stat.mineBlock.minecraft.dirt":9,"stat.pickup.advancedlootableweapons.frost_steel_forge_hammer":6,"stat.useItem.minecraft.iron_pickaxe":2,"stat.useItem.minecraft.spawn_egg":10,"stat.pickup.minecraft.mutton":1,"stat.useItem.advancedlootableweapons.spear_steel":2,"stat.walkOneCm":290148,"stat.pickup.advancedlootableweapons.helmet_silver":2,"stat.drop.minecraft.rotten_flesh":2,"stat.pickup.advancedlootableweapons.frost_steel_sharpening_stone":1,"stat.useItem.advancedlootableweapons.dagger_frost_steel":1,"stat.killEntity.Wolf":4,"stat.drop.advancedlootableweapons.dagger_iron":3,"stat.killEntity.Creeper":1,"stat.pickup.advancedlootableweapons.chestplate_silver":2,"stat.pickup.advancedlootableweapons.hot_tool_rod":3,"stat.pickup.minecraft.string":2,"stat.useItem.advancedlootableweapons.dagger_kobold":13,"stat.pickup.advancedlootableweapons.ingot_steel":64,"stat.drop.advancedlootableweapons.frost_steel_forge_hammer":1,"stat.pickup.minecraft.chicken":2,"stat.pickup.advancedlootableweapons.dagger_iron":4,"stat.pickup.advancedlootableweapons.hot_tool_head":5,"stat.sprintOneCm":228913,"stat.useItem.advancedlootableweapons.spear_crystallite":7,"stat.useItem.advancedlootableweapons.kodachi_steel":1,"stat.killEntity.Horse":2,"stat.useItem.advancedlootableweapons.nodachi_steel":5,"stat.killEntity.Chicken":2,"stat.itemEnchanted":5,"stat.mobKills":32,"stat.pickup.advancedlootableweapons.ingot_crystallite":64,"stat.pickup.minecraft.spawn_egg":1,"stat.pickup.minecraft.lever":2,"stat.deaths":1,"stat.drop":6,"stat.playOneMinute":902800,"stat.killEntity.Sheep":2,"stat.sneakTime":2224,"stat.pickup.minecraft.wool":1,"stat.pickup.advancedlootableweapons.hot_tool_rod_2":8,"stat.killEntity.Zombie":16,"stat.pickup.advancedlootableweapons.spear_wood":3,"stat.mineBlock.minecraft.tallgrass":2,"stat.pickup.advancedlootableweapons.dagger_frost_steel":1}