{"stat.useItem.advancedlootableweapons.rapier_crystallite":6,"stat.leaveGame":440,"stat.useItem.advancedlootableweapons.staff_bronze":3,"stat.craftItem.advancedlootableweapons.rapier_head":1,"stat.useItem.advancedlootableweapons.cleaver_frost_steel":1,"stat.useItem.advancedlootableweapons.zweihander_wood":4,"stat.pickup.minecraft.rotten_flesh":39,"stat.useItem.advancedlootableweapons.makhaira_steel":4,"stat.drop.advancedlootableweapons.cleaver_dusksteel":26,"stat.useItem.advancedlootableweapons.dagger_dusksteel":23,"stat.useItem.advancedlootableweapons.spear_wood":2,"stat.craftItem.advancedlootableweapons.dagger_wood":1,"stat.pickup.advancedlootableweapons.ingot_silver":1,"stat.useItem.minecraft.iron_pickaxe":2,"stat.useItem.minecraft.spawn_egg":10,"stat.pickup.advancedlootableweapons.ingot_bronze":111,"stat.useItem.advancedlootableweapons.spear_steel":4,"stat.craftItem.advancedlootableweapons.longsword_wood":1,"stat.craftItem.advancedlootableweapons.battleaxe_head":1,"stat.craftItem.advancedlootableweapons.dagger_head":1,"stat.useItem.advancedlootableweapons.staff_crystallite":5,"stat.killEntity.Horse":2,"stat.pickup.advancedlootableweapons.nodachi_dusksteel":1,"stat.useItem.minecraft.lingering_potion":49,"stat.pickup.minecraft.lever":2,"stat.deaths":1,"stat.pickup.minecraft.egg":2,"stat.playOneMinute":3016532,"stat.craftItem.advancedlootableweapons.sabre_head":1,"stat.pickup.advancedlootableweapons.hot_tool_rod_2":16,"stat.pickup.minecraft.item_frame":1,"stat.mineBlock.minecraft.tallgrass":2,"stat.pickup.advancedlootableweapons.dagger_frost_steel":1,"stat.chestOpened":3,"stat.useItem.minecraft.splash_potion":20,"stat.pickup.advancedlootableweapons.talwar_shadow_platinum":1,"stat.pickup.advancedlootableweapons.dagger_hot_tool_head_2":3,"stat.pickup.advancedlootableweapons.ingot_dusksteel":1,"stat.drop.advancedlootableweapons.nodachi_steel":1,"stat.fallOneCm":27538,"stat.pickup.minecraft.carrot":1,"stat.pickup.advancedlootableweapons.cleaver_frost_steel":2,"stat.crouchOneCm":12817,"stat.craftItem.advancedlootableweapons.long_weapon_handle":4,"stat.craftItem.advancedlootableweapons.spear_wood":1,"stat.craftingTableInteraction":37,"stat.pickup.minecraft.feather":2,"stat.craftItem.advancedlootableweapons.nodachi_wood":1,"stat.pickup.advancedlootableweapons.nodachi_steel":1,"stat.useItem.advancedlootableweapons.dagger_wood":29,"stat.pickup.advancedlootableweapons.mace_frost_steel":1,"stat.pickup.advancedlootableweapons.cleaver_obsidian":1,"stat.pickup.minecraft.wheat_seeds":1,"stat.pickup.advancedlootableweapons.talwar_crystallite":1,"stat.craftItem.advancedlootableweapons.battleaxe_wood":1,"stat.mineBlock.minecraft.dirt":9,"stat.pickup.advancedlootableweapons.ingot_frost_steel":1,"stat.craftItem.advancedlootableweapons.kodachi_head":1,"stat.craftItem.advancedlootableweapons.nodachi_head":1,"stat.drop.minecraft.rotten_flesh":2,"stat.craftItem.advancedlootableweapons.staff_wood":1,"stat.pickup.advancedlootableweapons.cleaver_crystallite":1,"stat.pickup.advancedlootableweapons.cleaver_silver":1,"stat.pickup.advancedlootableweapons.ingot_steel":192,"stat.pickup.minecraft.chicken":3,"stat.pickup.advancedlootableweapons.battleaxe_dusksteel":1,"stat.pickup.minecraft.coal_block":62,"stat.drop.advancedlootableweapons.kodachi_copper":1,"stat.itemEnchanted":5,"stat.pickup.advancedlootableweapons.mace_obsidian":1,"stat.useItem.advancedlootableweapons.kabutowari_crystallite":7,"stat.useItem.advancedlootableweapons.battleaxe_platinum":1,"stat.pickup.advancedlootableweapons.mace_crystallite":1,"stat.sneakTime":6073,"stat.pickup.minecraft.wool":1,"stat.pickup.advancedlootableweapons.mace_silver":1,"stat.pickup.advancedlootableweapons.talwar_bronze":1,"stat.pickup.advancedlootableweapons.spear_wood":3,"stat.craftItem.advancedlootableweapons.kabutowari_head":1,"stat.cakeSlicesEaten":7,"stat.drop.advancedlootableweapons.cleaver_steel":1,"stat.craftItem.advancedlootableweapons.spear_head":1,"stat.pickup.minecraft.redstone_torch":2,"stat.mineBlock.minecraft.cobblestone":1,"stat.pickup.advancedlootableweapons.talwar_steel":1,"stat.craftItem.advancedlootableweapons.cleaver_wood":1,"stat.useItem.advancedlootableweapons.cleaver_steel":8,"stat.craftItem.advancedlootableweapons.kabutowari_wood":1,"stat.pickup.advancedlootableweapons.mace_platinum":1,"stat.useItem.minecraft.dirt":7,"stat.pickup.advancedlootableweapons.cleaver_platinum":1,"stat.craftItem.advancedlootableweapons.mace_wood":1,"stat.useItem.minecraft.stone_slab2":1342,"stat.craftItem.advancedlootableweapons.zweihander_wood":1,"stat.pickup.advancedlootableweapons.long_tool_rod":3,"stat.pickup.advancedlootableweapons.mace_steel":1,"stat.useItem.minecraft.egg":1,"stat.pickup.minecraft.anvil":3,"stat.drop.advancedlootableweapons.ingot_dusksteel":1,"stat.pickup.minecraft.cobblestone":1,"stat.craftItem.advancedlootableweapons.makhaira_head":1,"stat.flyOneCm":1499141,"stat.useItem.minecraft.cooked_beef":5,"stat.craftItem.advancedlootableweapons.talwar_wood":1,"stat.timeSinceDeath":2222633,"stat.pickup.advancedlootableweapons.frost_steel_forge_hammer":8,"stat.pickup.minecraft.mutton":1,"stat.pickup.advancedlootableweapons.helmet_silver":2,"stat.pickup.advancedlootableweapons.mace_shadow_platinum":1,"stat.craftItem.advancedlootableweapons.zweihander_head":1,"stat.pickup.advancedlootableweapons.frost_steel_sharpening_stone":1,"stat.useItem.advancedlootableweapons.dagger_frost_steel":1,"stat.killEntity.Wolf":6,"stat.drop.advancedlootableweapons.dagger_iron":3,"stat.killEntity.Creeper":1,"stat.pickup.advancedlootableweapons.chestplate_silver":2,"stat.useItem.advancedlootableweapons.kodachi_copper":2,"stat.pickup.minecraft.string":2,"stat.useItem.advancedlootableweapons.dagger_kobold":13,"stat.drop.advancedlootableweapons.frost_steel_forge_hammer":1,"stat.craftItem.advancedlootableweapons.talwar_head":1,"stat.useItem.advancedlootableweapons.battleaxe_crystallite":1,"stat.pickup.advancedlootableweapons.hot_tool_head":7,"stat.sprintOneCm":740601,"stat.craftItem.minecraft.stick":8,"stat.pickup.advancedlootableweapons.talwar_obsidian":1,"stat.useItem.advancedlootableweapons.nodachi_steel":5,"stat.useItem.advancedlootableweapons.cleaver_dusksteel":36,"stat.pickup.advancedlootableweapons.talwar_frost_steel":1,"stat.craftItem.advancedlootableweapons.kodachi_wood":1,"stat.craftItem.advancedlootableweapons.staff_head":2,"stat.craftItem.advancedlootableweapons.mace_head":1,"stat.pickup.advancedlootableweapons.ingot_crystallite":125,"stat.useItem.minecraft.bucket":1,"stat.pickup.minecraft.spawn_egg":1,"stat.drop":40,"stat.craftItem.advancedlootableweapons.cleaver_head":1,"stat.killEntity.Sheep":2,"stat.killEntity.Zombie":58,"stat.pickup.advancedlootableweapons.zweihander_dusksteel":1,"stat.useItem.advancedlootableweapons.dagger_iron":70,"stat.pickup.minecraft.diamond_sword":4,"stat.jump":6088,"stat.pickup.minecraft.coal":64,"stat.pickup.minecraft.iron_ingot":32,"stat.pickup.advancedlootableweapons.cleaver_shadow_platinum":1,"stat.pickup.advancedlootableweapons.talwar_dusksteel":1,"stat.drop.minecraft.diamond_sword":3,"stat.pickup.minecraft.gunpowder":1,"stat.pickup.minecraft.spider_eye":1,"stat.pickup.minecraft.dirt":9,"stat.craftItem.advancedlootableweapons.sabre_wood":1,"stat.pickup.minecraft.leather":2,"stat.damageTaken":1916,"stat.dispenserInspected":2,"stat.killEntity.CaveSpider":5,"stat.entityKilledBy.Zombie":1,"stat.craftItem.advancedlootableweapons.rapier_wood":1,"stat.pickup.advancedlootableweapons.kodachi_copper":1,"stat.pickup.advancedlootableweapons.talwar_platinum":1,"stat.damageDealt":19606,"stat.drop.advancedlootableweapons.cleaver_frost_steel":1,"stat.useItem.advancedlootableweapons.dagger_bronze":23,"stat.walkOneCm":782964,"stat.pickup.advancedlootableweapons.cleaver_dusksteel":27,"stat.useItem.minecraft.lava_bucket":1,"stat.pickup.advancedlootableweapons.hot_tool_rod":4,"stat.useItem.minecraft.item_frame":5,"stat.pickup.advancedlootableweapons.cleaver_bronze":1,"stat.drop.advancedlootableweapons.ingot_frost_steel":1,"stat.pickup.advancedlootableweapons.dagger_iron":4,"stat.craftItem.advancedlootableweapons.makhaira_wood":1,"stat.pickup.minecraft.cooked_beef":59,"stat.useItem.advancedlootableweapons.mace_steel":1,"stat.useItem.advancedlootableweapons.spear_crystallite":22,"stat.useItem.advancedlootableweapons.kodachi_steel":1,"stat.pickup.advancedlootableweapons.mace_dusksteel":1,"stat.killEntity.Chicken":3,"stat.craftItem.advancedlootableweapons.longsword_head":1,"stat.mobKills":77,"stat.pickup.minecraft.diamond_boots":1,"stat.pickup.advancedlootableweapons.mace_bronze":1,"stat.pickup.advancedlootableweapons.talwar_silver":1,"stat.pickup.advancedlootableweapons.cleaver_steel":7,"stat.pickup.advancedlootableweapons.ingot_kobold":59}