{"stat.pickup.minecraft.redstone_torch":2,"stat.useItem.advancedlootableweapons.rapier_crystallite":6,"stat.leaveGame":362,"stat.mineBlock.minecraft.cobblestone":1,"stat.pickup.advancedlootableweapons.talwar_steel":1,"stat.useItem.advancedlootableweapons.staff_bronze":3,"stat.useItem.advancedlootableweapons.cleaver_steel":4,"stat.pickup.advancedlootableweapons.mace_platinum":1,"stat.useItem.minecraft.dirt":7,"stat.pickup.advancedlootableweapons.cleaver_platinum":1,"stat.useItem.minecraft.stone_slab2":927,"stat.useItem.advancedlootableweapons.zweihander_wood":4,"stat.pickup.minecraft.rotten_flesh":4,"stat.pickup.advancedlootableweapons.long_tool_rod":3,"stat.pickup.advancedlootableweapons.mace_steel":1,"stat.pickup.minecraft.anvil":3,"stat.drop.advancedlootableweapons.ingot_dusksteel":1,"stat.pickup.minecraft.cobblestone":1,"stat.flyOneCm":1058039,"stat.useItem.minecraft.cooked_beef":5,"stat.useItem.advancedlootableweapons.spear_wood":2,"stat.timeSinceDeath":1774433,"stat.pickup.advancedlootableweapons.ingot_silver":1,"stat.pickup.advancedlootableweapons.frost_steel_forge_hammer":8,"stat.useItem.minecraft.iron_pickaxe":2,"stat.useItem.minecraft.spawn_egg":10,"stat.pickup.advancedlootableweapons.ingot_bronze":111,"stat.pickup.minecraft.mutton":1,"stat.useItem.advancedlootableweapons.spear_steel":4,"stat.pickup.advancedlootableweapons.helmet_silver":2,"stat.pickup.advancedlootableweapons.mace_shadow_platinum":1,"stat.pickup.advancedlootableweapons.frost_steel_sharpening_stone":1,"stat.useItem.advancedlootableweapons.dagger_frost_steel":1,"stat.killEntity.Wolf":5,"stat.drop.advancedlootableweapons.dagger_iron":3,"stat.killEntity.Creeper":1,"stat.pickup.advancedlootableweapons.chestplate_silver":2,"stat.pickup.minecraft.string":2,"stat.useItem.advancedlootableweapons.dagger_kobold":13,"stat.drop.advancedlootableweapons.frost_steel_forge_hammer":1,"stat.useItem.advancedlootableweapons.battleaxe_crystallite":1,"stat.pickup.advancedlootableweapons.hot_tool_head":6,"stat.sprintOneCm":503607,"stat.useItem.advancedlootableweapons.staff_crystallite":5,"stat.pickup.advancedlootableweapons.talwar_obsidian":1,"stat.killEntity.Horse":2,"stat.useItem.advancedlootableweapons.nodachi_steel":5,"stat.pickup.advancedlootableweapons.nodachi_dusksteel":1,"stat.pickup.advancedlootableweapons.talwar_frost_steel":1,"stat.pickup.advancedlootableweapons.ingot_crystallite":125,"stat.pickup.minecraft.spawn_egg":1,"stat.pickup.minecraft.lever":2,"stat.deaths":1,"stat.drop":8,"stat.pickup.minecraft.egg":1,"stat.playOneMinute":2568332,"stat.killEntity.Sheep":2,"stat.pickup.advancedlootableweapons.hot_tool_rod_2":16,"stat.killEntity.Zombie":25,"stat.pickup.minecraft.item_frame":1,"stat.mineBlock.minecraft.tallgrass":2,"stat.pickup.advancedlootableweapons.dagger_frost_steel":1,"stat.chestOpened":1,"stat.pickup.advancedlootableweapons.zweihander_dusksteel":1,"stat.useItem.advancedlootableweapons.dagger_iron":70,"stat.pickup.advancedlootableweapons.talwar_shadow_platinum":1,"stat.pickup.advancedlootableweapons.dagger_hot_tool_head_2":3,"stat.pickup.advancedlootableweapons.ingot_dusksteel":1,"stat.drop.advancedlootableweapons.nodachi_steel":1,"stat.jump":4709,"stat.pickup.minecraft.coal":64,"stat.fallOneCm":25820,"stat.pickup.minecraft.iron_ingot":32,"stat.pickup.advancedlootableweapons.cleaver_shadow_platinum":1,"stat.pickup.advancedlootableweapons.talwar_dusksteel":1,"stat.pickup.advancedlootableweapons.cleaver_frost_steel":1,"stat.pickup.minecraft.gunpowder":1,"stat.crouchOneCm":7823,"stat.pickup.minecraft.spider_eye":1,"stat.pickup.minecraft.dirt":9,"stat.craftingTableInteraction":19,"stat.pickup.minecraft.leather":2,"stat.damageTaken":422,"stat.pickup.minecraft.feather":2,"stat.pickup.advancedlootableweapons.nodachi_steel":1,"stat.pickup.advancedlootableweapons.mace_frost_steel":1,"stat.pickup.advancedlootableweapons.cleaver_obsidian":1,"stat.killEntity.CaveSpider":5,"stat.pickup.minecraft.wheat_seeds":1,"stat.entityKilledBy.Zombie":1,"stat.pickup.advancedlootableweapons.talwar_crystallite":1,"stat.pickup.advancedlootableweapons.talwar_platinum":1,"stat.damageDealt":13366,"stat.mineBlock.minecraft.dirt":9,"stat.useItem.advancedlootableweapons.dagger_bronze":23,"stat.walkOneCm":611657,"stat.pickup.advancedlootableweapons.ingot_frost_steel":1,"stat.pickup.advancedlootableweapons.cleaver_dusksteel":1,"stat.drop.minecraft.rotten_flesh":2,"stat.pickup.advancedlootableweapons.cleaver_crystallite":1,"stat.pickup.advancedlootableweapons.hot_tool_rod":3,"stat.pickup.advancedlootableweapons.cleaver_silver":1,"stat.pickup.advancedlootableweapons.ingot_steel":192,"stat.useItem.minecraft.item_frame":5,"stat.pickup.advancedlootableweapons.cleaver_bronze":1,"stat.drop.advancedlootableweapons.ingot_frost_steel":1,"stat.pickup.minecraft.chicken":2,"stat.pickup.advancedlootableweapons.dagger_iron":4,"stat.pickup.minecraft.cooked_beef":59,"stat.useItem.advancedlootableweapons.mace_steel":1,"stat.useItem.advancedlootableweapons.spear_crystallite":22,"stat.useItem.advancedlootableweapons.kodachi_steel":1,"stat.pickup.advancedlootableweapons.battleaxe_dusksteel":1,"stat.pickup.minecraft.coal_block":62,"stat.pickup.advancedlootableweapons.mace_dusksteel":1,"stat.killEntity.Chicken":2,"stat.itemEnchanted":5,"stat.mobKills":42,"stat.pickup.advancedlootableweapons.mace_obsidian":1,"stat.useItem.advancedlootableweapons.kabutowari_crystallite":7,"stat.pickup.advancedlootableweapons.mace_bronze":1,"stat.pickup.advancedlootableweapons.talwar_silver":1,"stat.pickup.advancedlootableweapons.mace_crystallite":1,"stat.sneakTime":4154,"stat.pickup.minecraft.wool":1,"stat.pickup.advancedlootableweapons.mace_silver":1,"stat.pickup.advancedlootableweapons.talwar_bronze":1,"stat.pickup.advancedlootableweapons.cleaver_steel":1,"stat.pickup.advancedlootableweapons.spear_wood":3,"stat.pickup.advancedlootableweapons.ingot_kobold":59}