{"stat.useItem.advancedlootableweapons.rapier_crystallite":6,"stat.leaveGame":483,"stat.useItem.advancedlootableweapons.staff_bronze":3,"stat.craftItem.advancedlootableweapons.rapier_head":1,"stat.useItem.advancedlootableweapons.cleaver_frost_steel":1,"stat.pickup.minecraft.golden_boots":1,"stat.useItem.advancedlootableweapons.zweihander_wood":4,"stat.pickup.minecraft.rotten_flesh":213,"stat.useItem.advancedlootableweapons.makhaira_steel":4,"stat.useItem.advancedlootableweapons.longsword_silver":6,"stat.drop.advancedlootableweapons.cleaver_dusksteel":26,"stat.pickup.advancedlootableweapons.dusksteel_forge_hammer":1,"stat.pickup.minecraft.leather_boots":1,"stat.useItem.advancedlootableweapons.dagger_dusksteel":28,"stat.pickup.minecraft.chainmail_chestplate":1,"stat.killEntity.Villager":3,"stat.useItem.advancedlootableweapons.spear_wood":2,"stat.craftItem.advancedlootableweapons.dagger_wood":1,"stat.pickup.advancedlootableweapons.ingot_silver":1,"stat.useItem.minecraft.iron_pickaxe":2,"stat.useItem.minecraft.spawn_egg":65,"stat.pickup.advancedlootableweapons.ingot_bronze":111,"stat.useItem.advancedlootableweapons.spear_steel":4,"stat.craftItem.advancedlootableweapons.longsword_wood":1,"stat.useItem.advancedlootableweapons.dagger_copper":16,"stat.useItem.advancedlootableweapons.longsword_kobold":4,"stat.furnaceInteraction":6,"stat.craftItem.advancedlootableweapons.battleaxe_head":1,"stat.craftItem.advancedlootableweapons.dagger_head":1,"stat.craftItem.minecraft.leather_helmet":1,"stat.pickup.minecraft.totem_of_undying":1,"stat.pickup.minecraft.leather_helmet":1,"stat.useItem.advancedlootableweapons.staff_crystallite":5,"stat.killEntity.Horse":2,"stat.pickup.advancedlootableweapons.nodachi_dusksteel":1,"stat.useItem.minecraft.lingering_potion":49,"stat.pickup.minecraft.emerald":1,"stat.craftItem.minecraft.obsidian":12,"stat.pickup.minecraft.lever":2,"stat.deaths":1,"stat.pickup.minecraft.egg":2,"stat.playOneMinute":3459526,"stat.craftItem.advancedlootableweapons.sabre_head":1,"stat.pickup.advancedlootableweapons.hot_tool_rod_2":16,"stat.pickup.minecraft.item_frame":2,"stat.useItem.advancedlootableweapons.zweihander_dusksteel":10,"stat.mineBlock.minecraft.tallgrass":4,"stat.pickup.advancedlootableweapons.dagger_frost_steel":1,"stat.chestOpened":11,"stat.useItem.minecraft.splash_potion":20,"stat.pickup.advancedlootableweapons.talwar_shadow_platinum":1,"stat.pickup.advancedlootableweapons.dagger_hot_tool_head_2":3,"stat.pickup.advancedlootableweapons.ingot_dusksteel":1,"stat.drop.advancedlootableweapons.nodachi_steel":1,"stat.fallOneCm":29939,"stat.pickup.minecraft.carrot":3,"stat.pickup.advancedlootableweapons.cleaver_frost_steel":2,"stat.crouchOneCm":19493,"stat.craftItem.advancedlootableweapons.long_weapon_handle":4,"stat.pickup.minecraft.golden_leggings":1,"stat.craftItem.advancedlootableweapons.spear_wood":1,"stat.craftingTableInteraction":42,"stat.pickup.minecraft.feather":2,"stat.craftItem.advancedlootableweapons.nodachi_wood":1,"stat.pickup.advancedlootableweapons.nodachi_steel":1,"stat.useItem.advancedlootableweapons.dagger_wood":29,"stat.pickup.advancedlootableweapons.mace_frost_steel":1,"stat.pickup.advancedlootableweapons.cleaver_obsidian":1,"stat.pickup.minecraft.wheat_seeds":2,"stat.pickup.advancedlootableweapons.talwar_crystallite":1,"stat.craftItem.advancedlootableweapons.battleaxe_wood":1,"stat.mineBlock.minecraft.dirt":9,"stat.pickup.advancedlootableweapons.ingot_frost_steel":1,"stat.craftItem.advancedlootableweapons.kodachi_head":1,"stat.craftItem.advancedlootableweapons.nodachi_head":1,"stat.drop.minecraft.rotten_flesh":2,"stat.craftItem.minecraft.leather_boots":1,"stat.craftItem.advancedlootableweapons.staff_wood":1,"stat.pickup.advancedlootableweapons.cleaver_crystallite":1,"stat.pickup.advancedlootableweapons.cleaver_silver":1,"stat.pickup.advancedlootableweapons.ingot_steel":313,"stat.pickup.minecraft.hopper":1,"stat.pickup.minecraft.chicken":3,"stat.useItem.advancedlootableweapons.dagger_silver":4,"stat.pickup.advancedlootableweapons.battleaxe_dusksteel":1,"stat.pickup.minecraft.coal_block":62,"stat.drop.advancedlootableweapons.kodachi_copper":1,"stat.killEntity.PolarBear":5,"stat.itemEnchanted":5,"stat.pickup.minecraft.diamond_helmet":1,"stat.useItem.advancedlootableweapons.kabutowari_dusksteel":13,"stat.pickup.advancedlootableweapons.mace_obsidian":1,"stat.useItem.advancedlootableweapons.kabutowari_crystallite":7,"stat.useItem.advancedlootableweapons.battleaxe_platinum":1,"stat.pickup.advancedlootableweapons.mace_crystallite":1,"stat.sneakTime":8411,"stat.pickup.minecraft.wool":16,"stat.pickup.advancedlootableweapons.mace_silver":1,"stat.pickup.advancedlootableweapons.talwar_bronze":1,"stat.pickup.advancedlootableweapons.spear_wood":3,"stat.craftItem.advancedlootableweapons.kabutowari_head":1,"stat.cakeSlicesEaten":11,"stat.craftItem.minecraft.leather_leggings":1,"stat.drop.advancedlootableweapons.cleaver_steel":1,"stat.pickup.minecraft.bone":2,"stat.craftItem.advancedlootableweapons.spear_head":1,"stat.pickup.minecraft.redstone_torch":2,"stat.pickup.advancedlootableweapons.shard_obsidian":52,"stat.mineBlock.minecraft.cobblestone":1,"stat.pickup.advancedlootableweapons.talwar_steel":1,"stat.pickup.minecraft.leather_chestplate":2,"stat.craftItem.advancedlootableweapons.cleaver_wood":1,"stat.useItem.advancedlootableweapons.cleaver_steel":8,"stat.swimOneCm":1901,"stat.craftItem.advancedlootableweapons.kabutowari_wood":1,"stat.pickup.advancedlootableweapons.mace_platinum":1,"stat.useItem.minecraft.obsidian":16,"stat.useItem.minecraft.dirt":7,"stat.pickup.advancedlootableweapons.cleaver_platinum":1,"stat.craftItem.advancedlootableweapons.mace_wood":1,"stat.pickup.minecraft.golden_helmet":1,"stat.useItem.minecraft.stone_slab2":1516,"stat.craftItem.advancedlootableweapons.zweihander_wood":1,"stat.pickup.advancedlootableweapons.long_tool_rod":5,"stat.pickup.advancedlootableweapons.longsword_dusksteel":2,"stat.pickup.advancedlootableweapons.mace_steel":1,"stat.useItem.minecraft.egg":1,"stat.pickup.minecraft.anvil":5,"stat.drop.advancedlootableweapons.ingot_dusksteel":1,"stat.mineBlock.minecraft.obsidian":20,"stat.pickup.minecraft.cobblestone":1,"stat.craftItem.advancedlootableweapons.makhaira_head":1,"stat.pickup.minecraft.diamond_leggings":2,"stat.flyOneCm":1841072,"stat.killEntity.ZombieHorse":2,"stat.pickup.minecraft.fish":6,"stat.useItem.advancedlootableweapons.longsword_dusksteel":229,"stat.useItem.minecraft.cooked_beef":5,"stat.craftItem.advancedlootableweapons.talwar_wood":1,"stat.timeSinceDeath":2665627,"stat.pickup.advancedlootableweapons.frost_steel_forge_hammer":8,"stat.pickup.minecraft.mutton":23,"stat.pickup.advancedlootableweapons.helmet_silver":2,"stat.pickup.advancedlootableweapons.mace_shadow_platinum":1,"stat.craftItem.advancedlootableweapons.zweihander_head":1,"stat.pickup.advancedlootableweapons.frost_steel_sharpening_stone":1,"stat.useItem.advancedlootableweapons.dagger_frost_steel":1,"stat.killEntity.Wolf":6,"stat.drop.advancedlootableweapons.dagger_iron":3,"stat.killEntity.Creeper":26,"stat.pickup.advancedlootableweapons.chestplate_silver":2,"stat.useItem.advancedlootableweapons.kodachi_copper":2,"stat.pickup.minecraft.string":2,"stat.useItem.advancedlootableweapons.dagger_kobold":17,"stat.drop.advancedlootableweapons.frost_steel_forge_hammer":1,"stat.craftItem.advancedlootableweapons.talwar_head":1,"stat.useItem.advancedlootableweapons.battleaxe_crystallite":1,"stat.pickup.advancedlootableweapons.hot_tool_head":7,"stat.sprintOneCm":834085,"stat.useItem.advancedlootableweapons.longsword_copper":6,"stat.craftItem.minecraft.stick":8,"stat.pickup.advancedlootableweapons.talwar_obsidian":1,"stat.useItem.advancedlootableweapons.nodachi_steel":5,"stat.useItem.advancedlootableweapons.cleaver_dusksteel":36,"stat.pickup.advancedlootableweapons.talwar_frost_steel":1,"stat.craftItem.advancedlootableweapons.kodachi_wood":1,"stat.craftItem.advancedlootableweapons.staff_head":2,"stat.craftItem.advancedlootableweapons.mace_head":1,"stat.useItem.minecraft.diamond_pickaxe":20,"stat.pickup.minecraft.diamond_chestplate":2,"stat.pickup.minecraft.leather_leggings":1,"stat.pickup.advancedlootableweapons.ingot_crystallite":125,"stat.useItem.minecraft.bucket":1,"stat.pickup.minecraft.spawn_egg":51,"stat.drop":41,"stat.pickup.advancedlootableweapons.helmet_platinum":1,"stat.craftItem.minecraft.leather_chestplate":1,"stat.craftItem.advancedlootableweapons.cleaver_head":1,"stat.killEntity.Sheep":17,"stat.drop.advancedlootableweapons.shard_obsidian":3,"stat.pickup.minecraft.golden_chestplate":3,"stat.killEntity.Zombie":246,"stat.killEntity.Guardian":2,"stat.diveOneCm":920,"stat.pickup.advancedlootableweapons.zweihander_dusksteel":1,"stat.useItem.advancedlootableweapons.dagger_iron":70,"stat.killEntity.EvocationIllager":1,"stat.pickup.minecraft.diamond_sword":4,"stat.jump":6855,"stat.killEntity.SkeletonHorse":1,"stat.pickup.minecraft.coal":64,"stat.pickup.minecraft.iron_ingot":35,"stat.pickup.advancedlootableweapons.cleaver_shadow_platinum":1,"stat.pickup.advancedlootableweapons.talwar_dusksteel":1,"stat.pickup.advancedlootableweapons.shadow":121,"stat.drop.minecraft.diamond_sword":3,"stat.pickup.minecraft.gunpowder":27,"stat.pickup.minecraft.spider_eye":1,"stat.pickup.minecraft.dirt":9,"stat.craftItem.advancedlootableweapons.sabre_wood":1,"stat.boatOneCm":1984,"stat.pickup.minecraft.leather":2,"stat.damageTaken":1960,"stat.dispenserInspected":3,"stat.pickup.minecraft.prismarine_shard":3,"stat.killEntity.CaveSpider":5,"stat.pickup.minecraft.potato":2,"stat.entityKilledBy.Zombie":1,"stat.craftItem.advancedlootableweapons.rapier_wood":1,"stat.pickup.advancedlootableweapons.kodachi_copper":1,"stat.pickup.advancedlootableweapons.talwar_platinum":1,"stat.damageDealt":52289,"stat.pickup.minecraft.minecart":3,"stat.drop.advancedlootableweapons.cleaver_frost_steel":1,"stat.pickup.minecraft.boat":10,"stat.useItem.advancedlootableweapons.dagger_bronze":23,"stat.pickup.advancedlootableweapons.dusksteel_sharpening_stone":10,"stat.walkOneCm":931641,"stat.pickup.advancedlootableweapons.cleaver_dusksteel":27,"stat.useItem.advancedlootableweapons.battleaxe_dusksteel":75,"stat.pickup.advancedlootableweapons.battleaxe_hot_tool_head_5":2,"stat.useItem.minecraft.lava_bucket":1,"stat.pickup.advancedlootableweapons.hot_tool_rod":6,"stat.pickup.minecraft.tnt":1,"stat.useItem.minecraft.item_frame":5,"stat.pickup.advancedlootableweapons.cleaver_bronze":1,"stat.drop.advancedlootableweapons.ingot_frost_steel":1,"stat.pickup.advancedlootableweapons.dagger_iron":4,"stat.craftItem.advancedlootableweapons.makhaira_wood":1,"stat.pickup.minecraft.cooked_beef":59,"stat.useItem.advancedlootableweapons.mace_steel":1,"stat.useItem.advancedlootableweapons.spear_crystallite":22,"stat.useItem.advancedlootableweapons.kodachi_steel":1,"stat.pickup.advancedlootableweapons.mace_dusksteel":1,"stat.killEntity.Chicken":3,"stat.craftItem.advancedlootableweapons.longsword_head":1,"stat.mobKills":319,"stat.pickup.minecraft.diamond_boots":3,"stat.pickup.advancedlootableweapons.mace_bronze":1,"stat.pickup.advancedlootableweapons.talwar_silver":1,"stat.useItem.minecraft.boat":25,"stat.pickup.advancedlootableweapons.cleaver_steel":7,"stat.pickup.advancedlootableweapons.ingot_kobold":59}